{
  "f1": [
    0.5911949685534591,
    0.8787878787878788,
    0.9547738693467337,
    0.8181818181818182,
    0.8379888268156425,
    0.66,
    0.8536585365853658,
    0.5703703703703704,
    0.9651162790697675,
    0.9346733668341709
  ],
  "precision": [
    0.7966101694915254,
    0.9666666666666667,
    0.9595959595959596,
    0.75,
    0.9493670886075949,
    0.6346153846153846,
    0.7446808510638298,
    0.5133333333333333,
    0.9651162790697675,
    0.9393939393939394
  ],
  "recall": [
    0.47,
    0.8055555555555556,
    0.95,
    0.9,
    0.75,
    0.6875,
    1.0,
    0.6416666666666667,
    0.9651162790697675,
    0.93
  ],
  "class_names": [
    "air_conditioner",
    "car_horn",
    "children_playing",
    "dog_bark",
    "drilling",
    "engine_idling",
    "gun_shot",
    "jackhammer",
    "siren",
    "street_music"
  ]
}