{
  "f1": [
    0.4392523364485981,
    0.06153846153846154,
    0.5414364640883977,
    0.7159090909090909,
    0.6871794871794872,
    0.5953488372093023,
    0.3384615384615385,
    0.3614457831325301,
    0.8415300546448088,
    0.6031746031746031
  ],
  "precision": [
    0.41228070175438597,
    0.3333333333333333,
    0.6049382716049383,
    0.8289473684210527,
    0.7052631578947368,
    0.5925925925925926,
    0.2391304347826087,
    0.3488372093023256,
    0.77,
    0.6404494382022472
  ],
  "recall": [
    0.47,
    0.03389830508474576,
    0.49,
    0.63,
    0.67,
    0.5981308411214953,
    0.5789473684210527,
    0.375,
    0.927710843373494,
    0.57
  ],
  "class_names": [
    "air_conditioner",
    "car_horn",
    "children_playing",
    "dog_bark",
    "drilling",
    "engine_idling",
    "gun_shot",
    "jackhammer",
    "siren",
    "street_music"
  ]
}