{
  "f1": [
    0.03980099502487562,
    0.4307692307692308,
    0.6596858638743456,
    0.675,
    0.6666666666666666,
    0.23673469387755103,
    0.46017699115044247,
    0.21323529411764705,
    0.7181467181467182,
    0.648936170212766
  ],
  "precision": [
    0.039603960396039604,
    0.6363636363636364,
    0.6923076923076923,
    0.9,
    0.9285714285714286,
    0.21014492753623187,
    0.33766233766233766,
    0.19078947368421054,
    0.6642857142857143,
    0.6931818181818182
  ],
  "recall": [
    0.04,
    0.32558139534883723,
    0.63,
    0.54,
    0.52,
    0.27102803738317754,
    0.7222222222222222,
    0.24166666666666667,
    0.7815126050420168,
    0.61
  ],
  "class_names": [
    "air_conditioner",
    "car_horn",
    "children_playing",
    "dog_bark",
    "drilling",
    "engine_idling",
    "gun_shot",
    "jackhammer",
    "siren",
    "street_music"
  ]
}