{
  "f1": [
    0.7609756097560976,
    0.6779661016949152,
    0.8121827411167513,
    0.7572815533980582,
    0.5957446808510638,
    0.4485981308411215,
    0.464,
    0.4607329842931937,
    0.8603351955307262,
    0.7802197802197802
  ],
  "precision": [
    0.7428571428571429,
    0.8695652173913043,
    0.8247422680412371,
    0.7358490566037735,
    0.6363636363636364,
    0.4067796610169492,
    0.32222222222222224,
    0.6197183098591549,
    0.8279569892473119,
    0.8658536585365854
  ],
  "recall": [
    0.78,
    0.5555555555555556,
    0.8,
    0.78,
    0.56,
    0.5,
    0.8285714285714286,
    0.36666666666666664,
    0.8953488372093024,
    0.71
  ],
  "class_names": [
    "air_conditioner",
    "car_horn",
    "children_playing",
    "dog_bark",
    "drilling",
    "engine_idling",
    "gun_shot",
    "jackhammer",
    "siren",
    "street_music"
  ]
}