{
  "f1": [
    0.3228346456692913,
    0.14285714285714285,
    0.746268656716418,
    0.7745664739884393,
    0.6358381502890174,
    0.5454545454545454,
    0.44285714285714284,
    0.20408163265306123,
    0.8152173913043478,
    0.8125
  ],
  "precision": [
    0.2662337662337662,
    0.17857142857142858,
    0.7425742574257426,
    0.9178082191780822,
    0.7534246575342466,
    0.4647887323943662,
    0.29523809523809524,
    0.5555555555555556,
    0.8064516129032258,
    0.8478260869565217
  ],
  "recall": [
    0.41,
    0.11904761904761904,
    0.75,
    0.67,
    0.55,
    0.66,
    0.8857142857142857,
    0.125,
    0.8241758241758241,
    0.78
  ],
  "class_names": [
    "air_conditioner",
    "car_horn",
    "children_playing",
    "dog_bark",
    "drilling",
    "engine_idling",
    "gun_shot",
    "jackhammer",
    "siren",
    "street_music"
  ]
}