{
  "f1": [
    0.5865384615384616,
    0.0970873786407767,
    0.6666666666666666,
    0.6309523809523809,
    0.4383561643835616,
    0.5945945945945946,
    0.4966442953020134,
    0.7037037037037037,
    0.7204968944099379,
    0.6198347107438017
  ],
  "precision": [
    0.5648148148148148,
    1.0,
    0.7209302325581395,
    0.7794117647058824,
    0.6956521739130435,
    0.7051282051282052,
    0.3394495412844037,
    0.5588235294117647,
    0.6444444444444445,
    0.528169014084507
  ],
  "recall": [
    0.61,
    0.05102040816326531,
    0.62,
    0.53,
    0.32,
    0.514018691588785,
    0.925,
    0.95,
    0.8169014084507042,
    0.75
  ],
  "class_names": [
    "air_conditioner",
    "car_horn",
    "children_playing",
    "dog_bark",
    "drilling",
    "engine_idling",
    "gun_shot",
    "jackhammer",
    "siren",
    "street_music"
  ]
}