{
  "f1": [
    0.7881773399014779,
    0.8169014084507042,
    0.8240740740740741,
    0.7368421052631579,
    0.6075949367088608,
    0.5485714285714286,
    0.6265060240963856,
    0.6988847583643123,
    0.8235294117647058,
    0.8228571428571428
  ],
  "precision": [
    0.7766990291262136,
    0.8285714285714286,
    0.7672413793103449,
    0.7064220183486238,
    0.8275862068965517,
    0.6075949367088608,
    0.5416666666666666,
    0.6308724832214765,
    0.7623762376237624,
    0.96
  ],
  "recall": [
    0.8,
    0.8055555555555556,
    0.89,
    0.77,
    0.48,
    0.5,
    0.7428571428571429,
    0.7833333333333333,
    0.8953488372093024,
    0.72
  ],
  "class_names": [
    "air_conditioner",
    "car_horn",
    "children_playing",
    "dog_bark",
    "drilling",
    "engine_idling",
    "gun_shot",
    "jackhammer",
    "siren",
    "street_music"
  ]
}